ar, map, mae, k, min_sim, min_num_of_ratings, min_rank
0.004089219330855018801460295202, 0.004949659231722428735381513336, 0, 5, 0, 0
