ar, map, mae, min_overlap, min_sim, K, min_num_of_ratings, min_rank, data_sample
0.000666666666666666703674100821, 0.0008555555555555555506212310013, 0, 3, 0.1, 5, 10, 5.0, 500
