ar, map, mae, N, error, factors, number_of_iterations
0.01363320194760027898540591077, 0.01653469208999002627576963956, 0, 10, 1314.1293774989879, 5, 5
